{"buying_power": 0.0, "margin": 360344.16, "nlv": 392019.45, "loans": -332529.6854874, "accrued_interest": -44.860359, "margin_pct": 91.91996978721335}