{"buying_power": 0.0, "margin": 360474.67, "nlv": 391151.53, "loans": -332484.811986, "accrued_interest": -44.860359, "margin_pct": 92.15729515361987}