{"buying_power": 0.0, "margin": 360206.93, "nlv": 391058.06, "loans": -332451.4177524, "accrued_interest": -44.860359, "margin_pct": 92.11085688912792}