{"buying_power": 0.0, "margin": 360214.85, "nlv": 392581.49, "loans": -332591.2561056, "accrued_interest": -44.860359, "margin_pct": 91.7554340119296}