{"buying_power": 0.0, "margin": 359958.01, "nlv": 393000.41, "loans": -332470.2020088, "accrued_interest": -44.860359, "margin_pct": 91.59227340246288}