{"buying_power": 0.0, "margin": 360161.19, "nlv": 390688.64, "loans": -332554.7311626, "accrued_interest": -44.860359, "margin_pct": 92.18624580433155}